tt,mm,f1,f3,f4,f5,f6,f7,soilstor,epxstor,kststor1,kststor2,soil18o,epx18o,kststor118o,kststor218o,dpdf[0],stal1d18o,stal2d18o,stal3d18o,stal4d18o,stal5d18o,drip_int_stal1,drip_int_stal4,drip_int_stal3,drip_int_stal2,drip_int_stal5,cave_temp
1,1,29.8281684,1.0386253472,0,1.2937678242505082,0.1,0,119.3126736,118.48637960857602,257.45979702585112,49.9,-4.894229608380532,-4.205450263034294,-4.8873247540731617,-4.0,10.303163444224001,-4.0113991765019508,-4.7100673069492283,-4.681901439747449,-4.1989200091212542,-4.9879087470002803,997,1260,376,376,386,14.699999999999996
2,2,29.32740672,1.1825102906286082,0,1.4872884360941674,0.0998,0,117.30962688,134.9007739549116,295.97039878273932,49.8002,-4.065642799706883,-4.177711373169311,-4.7510896691163778,-4.0,11.730502083035793,-3.844151456261935,-4.2550211983013453,-4.526880075452433,-4.0085379012128053,-4.7719100845446949,1028,1138,283,278,345,14.699519444444437
3,3,12.723159575999999,1.1809914682472928,0,1.6116196008607298,0.09960039999999999,0,50.89263830399999,134.72750669765117,320.71230057128525,49.7005996,-3.687521984632803,-4.135463766946937,-4.6872050878525684,-4.0,11.715435365013146,-4.0064591272488403,-4.3025495936099833,-4.5479014013951602,-4.1345306756528366,-4.794953244845801,1018,1126,297,249,315,14.612243055555549
4,4,8.008687660799998,1.1418895548676093,0,1.73772878377074,0.0994011992,0,32.03475064319999,130.26676041929687,345.80802797037722,49.601198400799994,-3.159364683643558,-4.080696490018293,-4.6260494022035044,-4.0,11.327544384286684,-3.8464438129416356,-4.1495571792722341,-4.3797083786215607,-3.9124301504513959,-4.6472994116235622,1060,1211,279,265,304,14.500836111111106
5,5,26.088602128639998,1.2508429003834949,0,1.9835050950245054,0.09920239680159999,0,104.35440851455999,142.69615807574908,394.71751390987657,49.50199600399839,-3.145940839340682,-3.924728265707793,-4.5637357855257532,-4.0,12.408361571804269,-3.7476043344454313,-4.2279246838089479,-4.4840291196257542,-3.6669157729899426,-4.538890616359037,1058,1101,198,187,265,14.335782361111104
6,6,58.277167702911996,1.6077866062292887,0,2.3259840274644126,0.09900399200799678,0,233.10867081164798,183.41629603863726,400.0,49.4029920119904,-3.6020632670104704,-3.8311635990134016,-4.5576500839616241,-4.0,15.949243133794544,-3.3857777532506628,-4.44107440268382,-4.4992910860095492,-3.2803369043254982,-4.3746400226528648,995,804,159,131,246,14.17252097222222
7,7,60.0,1.9473303683090981,0,2.2766569136958346,0.0988059840239808,0,240.0,222.1514484167019,400.0,49.304186027966416,-3.4686313033540648,-3.7418025410499385,-4.5280944249192911,-4.0,19.317517253626253,-3.6210258931589356,-4.5248111422880877,-4.4487453947947841,-3.4388739690951464,-4.4174889902445225,1050,699,186,134,259,14.040651527777772
8,8,60.0,2.2572115873336154,0,2.297869879293819,0.09860837205593284,0,240.0,257.5026978830188,400.0,49.20557765591048,-2.9416951963692823,-3.571658311948056,-4.451351100234902,-4.0,22.39153894634946,-3.6314813702367221,-4.2919014194451321,-4.2645476906083557,-3.3099242605252321,-4.3417075240532732,967,554,166,131,238,13.951493194444442
9,9,56.98686000000001,2.515916463064151,0,2.2492719674005355,0.09841115531182096,0,227.94744,287.0157501063583,400.0,49.10716650059866,-2.2006183437299223,-3.323219975078652,-4.3441379210180404,-4.0,24.957891313596374,-3.4303106518467352,-3.8955661682934517,-3.9497384474900255,-2.9431464755367287,-4.1514667710239594,948,487,176,133,233,13.89578069444444
10,10,28.222978,2.5219098248508667,0,2.1424022262499927,0.09821433300119732,0,112.891912,287.69947281898686,400.0,49.008952167597464,-1.7504439339995401,-3.182411059013851,-4.2805914028539371,-4.0,25.0173454625206,-3.5027185929134008,-3.5895445534740444,-3.7878694821094072,-2.8499325572844958,-4.1122748994036895,975,498,217,168,239,13.887576527777771
11,11,14.4722624,2.4173738817518946,0,2.1922431886738245,0.09801790433519493,0,57.8890496,275.77401243025616,400.0,48.91093426326227,-0.9148390321244603,-3.0738075942978,-4.198623015040039,-4.0,23.980348906978797,-3.5788295299231665,-3.526581235602233,-3.8362315538534864,-2.7854171112621229,-4.0629914399215039,993,528,204,188,243,13.921984861111106
12,12,0.0,2.2061920994420494,0,2.1009338157802309,0.09782186852652454,0,0.0,248.975211204349,400.0,48.81311239473575,-0.8909864959008211,-2.9925920892978,-4.1603130543538036,-4.0,21.885425626465132,-3.5857048957367299,-3.5300875505190898,-3.7468482120337487,-2.6827701181380004,-4.0242395735715641,1073,631,260,218,262,13.945587638888885
13,1,0.0,1.991801689634792,0,2.1181978859445825,0.0976262247894715,0,0.0,225.92641025353706,400.0,48.715486169946274,-1.9061797500000002,-2.9536422942978,-4.1122386438344938,-4.0,19.758672761177134,-3.855808530256577,-3.6062311323497021,-3.8722268683669681,-2.849838735479171,-4.0967652648757902,1022,661,241,239,249,13.97891958333333
14,2,0.0,1.8074112820282966,0,2.1014578159014765,0.09743097233989255,0,0.0,205.41137277378806,400.0,48.61805519760638,-2.74371247,-2.9302991058977996,-4.0702404899827282,-4.0,17.929519917720704,-3.6809756199123189,-3.6267244799639275,-3.8390504880979615,-2.6644833781984678,-3.9756568490677546,1053,747,255,247,256,13.939689027777774
15,3,6.8046859999999985,1.6977284701903046,0,2.2229678819044776,0.09723611039521277,0,27.218743999999994,192.44073335333624,400.0,48.520819087211166,-1.7401788,-2.856243197392563,-4.0086615025856638,-4.0,16.841466424287823,-3.8454348266229177,-3.7849922723930396,-3.9067053543199171,-2.7248803522254006,-3.9741285587533426,1042,788,202,202,253,13.865987638888885
16,4,0.43622679999999864,1.5430156812266898,0,2.1294214622629646,0.09704163817442234,0,1.7449071999999943,174.52586285720108,400.0,48.42377744903674,-1.8556046384708504,-2.809040955604273,-3.9606360542189334,-4.0,15.306715557768765,-3.6779681910596995,-3.6828102628906345,-3.73115816238756,-2.510330367308411,-3.8355601326859334,1086,904,246,200,263,13.718977916666663
17,5,11.92072344,1.4915726903776085,0,2.2143698094941433,0.09684755489807348,0,47.68289376,170.15861251827758,400.0,48.326929894138665,-2.991840813954807,-2.8207285203891512,-3.9357428057558459,-4.0,14.796401088545878,-3.5750305396325954,-3.7376087294692661,-3.8376584757719989,-2.4197249942032872,-3.7450680912031187,1084,923,210,200,262,13.534479999999995
18,6,57.392170752000006,1.8204062661622207,0,2.4198055202777264,0.09665385978827733,0,229.56868300800002,207.67194684378612,400.0,48.23027603435039,-3.8109012937097626,-3.070466904338809,-4.0032254115087182,-4.0,18.05843016032923,-3.2226190360029605,-4.0069035666299158,-3.9377732542604793,-2.4068982732800004,-3.6651561744508454,1020,710,148,129,246,13.406074444444439
19,7,60.0,2.141375574750289,0,2.3022607781533035,0.09646055206870079,0,240.0,244.288125567513,400.0,48.13381548228169,-3.6445362312623133,-3.199147403067022,-4.0071172985717274,-4.0,21.242445701522872,-3.4519929508404212,-4.1056174257476652,-3.8959697849295649,-2.7536236817607973,-3.7331663263449055,1076,636,182,124,259,13.255731388888886
20,8,60.0,2.434305004540104,0,2.3636506835994933,0.09626763096456338,0,240.0,277.7055149179351,400.0,48.03754785131713,-3.00046872905188,-3.1599716369451074,-3.9636368889196207,-4.0,24.148305645037837,-3.4576054847280657,-3.8832112873780078,-3.7358709251558153,-2.7458831566267161,-3.6845223968348106,990,514,154,121,238,13.140991111111106
21,9,60.0,2.701644119343481,0,2.3104374078940881,0.09607509570263426,0,240.0,308.2035611347043,400.0,47.94147275561449,-2.1026254813568706,-2.972113380171567,-3.8667215563661737,-4.0,26.80030966388733,-3.2573824841958254,-3.5018018318244692,-3.4354664649837163,-2.4494043348715078,-3.5072799329722848,972,453,163,118,233,13.083334166666663
22,10,31.693937999999992,2.7191799930776344,0,2.1695791446911712,0.09588294551122899,0,126.77575199999997,310.2040536102965,400.0,47.84558981010326,-1.5379743422499221,-2.8383862598868284,-3.7981331407564518,-4.0,26.97426553133013,-3.3259669975970185,-3.1869577738461441,-3.2589937158817861,-2.3563280372546069,-3.4586749139181583,999,462,211,154,239,13.06011333333333
23,11,5.367428399999992,2.524571856082372,0,2.1319350849655687,0.09569117962020653,0,21.469713599999967,285.469277681807,400.0,47.74989863048306,-1.296564187488937,-2.7374385708446107,-3.7501161752383676,-4.0,25.04375281233713,-3.40026365437196,-3.1149021503936725,-3.3064849096889892,-2.2854725497167827,-3.440973340149589,1017,510,232,206,243,13.088607777777774
24,12,0.0,2.283754221454456,0,2.1377936058507236,0.09549979726096612,0,0.0,258.1744335835244,400.0,47.654398833222096,-0.9907665199433411,-2.666751130844611,-3.6991781273000877,-4.0,22.654841876828204,-3.4136487733519294,-3.1193291891173924,-3.2419959495545436,-2.2001414586072521,-3.3967016066515088,1099,608,248,238,262,13.145841111111107
25,1,0.0,2.065395468668195,0,2.1195578517581719,0.09530879766644419,0,0.0,234.32059356566768,400.0,47.55909003555565,-1.9047847500000001,-2.627759485844611,-3.6551074079197949,-4.0,20.488723049188494,-3.6841809016615601,-3.2104551370054635,-3.3589623546305125,-2.3588748882276134,-3.4701798480476498,1047,637,244,231,249,13.186253611111109
26,2,0.0,1.8745647485253414,0,2.1079552651155296,0.0951181800711113,0,0.0,212.96101331177096,400.0,47.46397185548454,-2.63248555,-2.601079489844611,-3.6141188504952444,-4.0,18.595682305371387,-3.5224689738881931,-3.2440998848798364,-3.3445113569899876,-2.1876826185346365,-3.3650889367272674,1078,721,251,247,256,13.204939722222221
27,3,0.0,1.7036881064941676,0,2.1276518956548469,0.09492794371096908,0,0.0,193.37451038885465,400.0,47.369043911773566,-2.6982462,-2.571612625844611,-3.5757989879483594,-4.0,16.900586016422146,-3.6881047617612905,-3.4027303665206121,-3.4154071429883803,-2.285655466742087,-3.385989320459637,1068,785,241,238,253,13.141141111111107
28,4,0.0,1.5469960831108371,0,2.1204656188799409,0.09473808782354713,0,0.0,175.5695141612843,400.0,47.274305823950016,-2.600847667,-2.5442586558446108,-3.5379283167734696,-4.0,15.346201144459506,-3.5260531227132574,-3.3031541626041827,-3.2626508114601549,-2.0981809881051028,-3.2646295711226125,1112,898,253,242,263,13.018159166666663
29,5,40.4645914,1.7282728444902746,0,2.3875319722427935,0.09454861164790003,0,161.8583656,197.1613660994505,400.0,47.179757212302114,-3.293160543,-2.6845328444209837,-3.5861531848556059,-4.0,17.144466617343525,-3.4322921274837492,-3.4462717655452391,-3.4622712527673238,-2.1700690410748624,-3.2571291998859664,1110,797,165,161,262,12.876895277777773
30,6,60.0,2.057290928795604,0,2.4600192747338134,0.09435951442460423,0,240.0,234.69574915700252,400.0,47.08539769787751,-3.7391559197422195,-2.930593850702943,-3.7161931793285574,-4.0,20.408326013652392,-3.0754060603492839,-3.745423346378618,-3.5856598545283003,-2.1716391241818345,-3.2378357711034811,1044,628,142,106,246,12.717754722222217
31,7,60.0,2.3575659932560202,0,2.3245008380266556,0.09417079539575503,0,240.0,268.9511285106468,400.0,46.991226902481756,-3.5217958733275925,-3.050962473117584,-3.7509231459449395,-4.0,23.38705465309972,-3.3041535283906409,-3.8363472931408626,-3.5622969432437257,-2.484756881987682,-3.3341239826799596,1102,577,178,118,259,12.573893611111107
32,8,60.0,2.6316090280851747,0,2.3189520922862408,0.09398245380496352,0,240.0,300.21395792395674,400.0,46.897244448676794,-2.9333469789521924,-3.0295096522019835,-3.731342926236735,-4.0,26.105561558604933,-3.3085865207401755,-3.6162448325226526,-3.4078351839497145,-2.4880825338446932,-3.3072494351065185,1014,475,165,126,238,12.452342222222217
33,9,57.25074,2.859717583391654,0,2.2597931369452171,0.09379448889735359,0,229.00295999999997,326.23658191331987,400.0,46.80344995977944,-2.2908407673489664,-2.911206109171264,-3.6644273125259286,-4.0,28.368398427245207,-3.1136750963679516,-3.244089647780557,-3.1295717315698024,-2.2688638282706286,-3.166556449861524,995,428,178,133,233,12.413758888888882
34,10,46.620293999999994,2.982855007306559,0,2.2704481029240591,0.09360689991955888,0,186.48117599999995,340.28409923353223,400.0,46.709843059859885,-1.2106835149708848,-2.69858065308689,-3.573574046607237,-4.0,29.589921672481065,-3.1947661034665842,-2.9524842311686728,-2.9872709242618756,-2.1150077333106365,-3.1079386584718094,1023,421,181,147,239,12.454215833333329
35,11,11.753713199999988,2.8163024994682577,0,2.1178213751638002,0.09341968611971978,0,47.01485279999995,321.28378913933886,400.0,46.61642337374017,-1.1626171159217151,-2.6472984491193667,-3.5332822152444225,-4.0,27.93772079472512,-3.2747039040594839,-2.9007233380400343,-3.0176300619570995,-2.1017435489967262,-3.1032197032948572,1042,453,240,183,243,12.511653333333335
36,12,0.0,2.570270313114711,0,2.1399760553237637,0.09323284674748034,0,0.0,291.04020942012625,400.0,46.523190526992686,-1.0896196821824113,-2.582011612119367,-3.488294472027714,-4.0,25.497081506097935,-3.2861081256110314,-2.8842580789066874,-2.9586805901606894,-2.0199838081932375,-3.0632940931066832,1126,540,252,249,262,12.560706111111116
37,1,0.0,2.32832167536101,0,2.2063570718059391,0.09304638105398537,0,0.0,263.391381125184,400.0,46.4301441459387,-0.98095065,-2.5153049441193667,-3.4382675445920703,-4.0,23.09695101958122,-3.5492575901797663,-2.9766323562702146,-3.0726592343057746,-2.1257517954578198,-3.1203455202383212,1072,567,212,205,249,12.56787416666667
38,2,0.0,2.107131049001472,0,2.1507066706530118,0.0928602882918774,0,0.0,238.40470477008796,400.0,46.337283857646824,-1.54501345,-2.456000785119367,-3.4006772707306467,-4.0,20.902740006094604,-3.3786216081724829,-3.0175407637798024,-3.0497464264558349,-1.9233929050271881,-3.0115700858600603,1104,644,240,207,256,12.542642222222227
39,3,0.0,1.9072376381607037,0,2.1531391788816143,0.09267456771529364,0,0.0,216.16911966137306,400.0,46.24460928993153,-2.2719249,-2.413744282119367,-3.3677767772338543,-4.0,18.919797370554182,-3.5548924115379466,-3.171634715637861,-3.1295783055896864,-2.0071808869824848,-3.0466005568043908,1094,702,235,222,253,12.531351944444445
40,4,10.03368,1.8096223972909846,0,2.2242860518534271,0.09248921857986307,0,40.13472,206.44172308295552,400.0,46.15212007135167,-2.320695667,-2.4096169237049327,-3.3397484172229253,-4.0,17.951454181126568,-3.4153798713720818,-3.1146379770909949,-3.0239086894270351,-1.8802931285701874,-2.9591451213945019,1139,764,214,202,263,12.513481111111112
41,5,18.280814000000003,1.797780296663644,0,2.2234671658620737,0.09230424014270333,0,73.123256,205.09077624338852,400.0,46.059815831208965,-2.7595520086843277,-2.438083575441875,-3.3498569870708592,-4.0,17.83398054290335,-3.3537026317331797,-3.2422121579744889,-3.1830888904909038,-1.856345527977199,-2.9461290027182896,1137,766,212,179,262,12.523605694444445
42,6,48.288065200000005,2.027030731547108,0,2.3496875056687783,0.09211963166241793,0,193.1522608,231.2436658548941,400.0,45.967696199546545,-3.5532855546452065,-2.65061492011207,-3.4557944448753135,-4.0,20.108144856947312,-3.0247670326947196,-3.5300411158288858,-3.3211108448257809,-1.8437457081693642,-2.9338723787147858,1070,638,165,142,246,12.505460277777775
43,7,60.0,2.3299493268391527,0,2.509599726384919,0.0919353923990931,0,240.0,265.8006192058105,400.0,45.87576080714745,-3.570470631971897,-2.840117213834357,-3.583961967158209,-4.0,23.113097322244393,-3.2867123726734171,-3.743795306784814,-3.4475807220881727,-2.2582884632887934,-3.1539497515123971,1129,584,143,112,259,12.511339444444445
44,8,60.0,2.606404953646484,0,2.3357526640306334,0.09175152161429491,0,240.0,297.33867711199093,400.0,45.78400928553316,-3.0237483122606577,-2.873935031407681,-3.579204298578512,-4.0,25.855537140173123,-3.3120144952993869,-3.5635451228547277,-3.3028982480218794,-2.3380918338017365,-3.1628739459942379,1039,480,163,104,238,12.489431111111113
45,9,48.139199999999995,2.7638230168959277,0,2.2065686515671024,0.09156801857106632,0,192.55679999999998,315.2969297674874,400.0,45.69244126696209,-2.535695356251915,-2.826804409017697,-3.5256056669992901,-4.0,27.417124327607603,-3.1265808753017099,-3.1867390439691556,-3.0296563260869824,-2.1939097242759109,-3.0470974178034016,1019,443,195,141,233,12.507532500000003
46,10,21.316403999999995,2.6929066701398994,0,2.1668228661135358,0.09138488253392418,0,85.26561599999998,307.2067929295597,400.0,45.60105638442817,-1.9001374892349672,-2.768122222502862,-3.4700731558102955,-4.0,26.713634167787802,-3.2012654847739519,-2.8834999026545738,-2.8952279191681862,-2.1718701466025836,-3.0164225331775762,1048,466,215,183,239,12.511883888888896
47,11,2.8226231999999953,2.4802353290364776,0,2.173492183044714,0.09120211276885634,0,11.290492799999981,279.9393680772782,400.0,45.509854271659314,-1.1009270166665701,-2.6635881080633017,-3.4246206887010042,-4.0,24.60393446404186,-3.2677681697305117,-2.8336896284305579,-2.9487264800360791,-2.0860256294980006,-2.9921694676351418,1067,520,217,198,243,12.500503333333338
48,12,0.0,2.2395149446182256,0,2.1279913092844125,0.09101970854331863,0,0.0,253.51378078204715,400.0,45.41883456311599,-1.088743296343714,-2.6044855850633017,-3.3857557913730707,-4.0,22.215988250612796,-3.2686376805647344,-2.8321842204234171,-2.8667637037038673,-1.9997084841107959,-2.947565297950816,1153,620,255,229,262,12.498072777777782
49,1,0.0,2.0281102462563774,0,2.1127897721305144,0.09083766912623199,0,0.0,230.1787697929275,400.0,45.32799689398976,-2.01645915,-2.5688441720633017,-3.3509987382677413,-4.0,20.11885364286326,-3.5256711055425827,-2.9017325071430955,-2.9763331548747773,-2.1445018855460463,-3.0115537187384023,1098,649,244,238,249,12.468189444444448
50,2,0.0,1.84143015834342,0,2.1232599019239315,0.09065599378797953,0,0.0,209.08893006381734,400.0,45.23734090020179,-2.54039635,-2.5394015000633017,-3.3195655681545211,-4.0,18.266987170766726,-3.3603470465151108,-2.9429455370759694,-2.9697544138121978,-1.969517894632844,-2.9157555597284501,1131,734,249,245,256,12.47346722222223
51,3,0.0,1.6727114405105388,0,2.11890544015372,0.09047468180040358,0,0.0,190.00841411344226,400.0,45.146866218401385,-2.8659679799999997,-2.5149662894633016,-3.2913387113631623,-4.0,16.593297489864543,-3.5380500191751763,-3.1135646831512709,-3.0543345973815805,-2.0817426081671808,-2.9551800760659885,1120,798,246,240,253,12.462088055555558
52,4,0.0,1.5200673129075382,0,2.1155481228173212,0.09029373243680278,0,0.0,172.68562865649193,400.0,45.05657248596458,-2.788996267,-2.4932567774633014,-3.2644207425482397,-4.0,15.079067744042778,-3.4058617825992732,-3.0498960719699264,-2.9428318552062738,-1.9313345352509614,-2.8773488643055734,1167,913,255,248,263,12.48324638888889
53,5,22.026492,1.5576969652519355,0,2.2762572969761399,0.09011314497192917,0,88.10596799999999,177.70206979594076,400.0,44.96645934099265,-3.1674459329999998,-2.5695233292878483,-3.3133616166974362,-4.0,15.452353895299199,-3.3452928086520339,-3.2140063590794243,-3.161919113909395,-1.9579988877860277,-2.9048146994111734,1165,884,192,188,262,12.50089888888889
54,6,32.5709856,1.6821844431675261,0,2.2185083844408342,0.0899329186819853,0,130.2839424,191.90360127655137,400.0,44.87652642231066,-3.5546174015458254,-2.7221129455929116,-3.3648228130020801,-4.0,16.68726967622186,-3.0084950589341908,-3.4642548763518244,-3.2114125257710624,-1.8424339127959266,-2.8335923264664054,1096,769,196,152,246,12.460262638888892
55,7,37.376066480000006,1.834237342052411,0,2.2046345822984716,0.08975305284462133,0,149.50426592000002,209.24979598133905,400.0,44.78677336946604,-3.494918366383799,-2.84809196094221,-3.3946643497246716,-4.0,18.195634433159917,-3.2735330499074067,-3.5966694812287203,-3.2518755649167952,-2.2068449876226914,-2.9555158226740597,1156,742,210,174,259,12.468272361111108
56,8,48.435009184,2.0614784413227127,0,2.2601593703367038,0.08957354673893209,0,193.740036736,235.17346058609505,400.0,44.69719982272711,-3.0907969957794506,-2.8937113391736973,-3.4107582871264133,-4.0,20.44986613792131,-3.2973649230823021,-3.4363176799397932,-3.1569150842423177,-2.3004909522081896,-2.9839133280191721,1064,607,177,151,238,12.439956666666664
57,9,53.812567347200016,2.3118882234663607,0,2.2643701023249245,0.08939439964545422,0,215.25026938880006,263.7402085330424,400.0,44.60780542308165,-2.4069338918315104,-2.8030677037165326,-3.378145688920096,-4.0,22.933931176786295,-3.1078588524827699,-3.1032312655721039,-2.9264567143872933,-2.1068311673864137,-2.8871658317937143,1044,530,173,138,233,12.447688611111108
58,10,27.130933877760015,2.3269691392864194,0,2.1429897630050569,0.0892156108461633,0,108.52373551104006,265.46063940979474,400.0,44.51858981223549,-1.949220157139495,-2.723425284960698,-3.3412774598693984,-4.0,23.083533861721282,-3.1717846145631334,-2.8090749829311479,-2.7719996243025236,-2.0664630011969498,-2.8633389820855726,1073,540,218,165,239,12.395812222222215
59,11,3.8713671022080094,2.154656052096022,0,2.1287382868662785,0.08903717962447098,0,15.485468408832038,243.08056542990062,400.0,44.42955263261102,-1.5352336037490177,-2.62584239206082,-3.3129507211163096,-4.0,21.37418803679254,-3.2370792296519957,-2.744213482735014,-2.8315937963362403,-1.9912669239766645,-2.8543790766786259,1093,599,228,209,243,12.376456666666662
60,12,0.0,1.944644523439205,0,2.1665392091209936,0.08885910526522205,0,0.0,219.0494951339445,400.0,44.3406935273458,-0.5317954902552139,-2.54197582906082,-3.2791119794485537,-4.0,19.290873672516913,-3.2337368489562257,-2.7551833851490182,-2.7715716588325723,-1.8754893977240839,-2.8104136770483734,1181,717,230,218,262,12.353094166666661
61,1,0.0,1.752395961071556,0,2.1203471611140383,0.0886813870546916,0,0.0,198.2706536390431,400.0,44.25201214029111,-1.56182865,-2.49269550106082,-3.2530627187727945,-4.0,17.383767933829837,-3.4918249463355977,-2.829425937840746,-2.87308515375162,-2.0218908220180909,-2.881834106171377,1125,753,237,209,249,12.321103888888885
62,2,0.0,1.586165229112345,0,2.0937350564538106,0.08850402428058221,0,0.0,179.9538421371363,400.0,44.163508116010526,-2.52593155,-2.4628188850608197,-3.22822417409555,-4.0,15.734759072794462,-3.3125627149691583,-2.8555579036241285,-2.8561118697399968,-1.8233189512165682,-2.780264008284683,1159,853,251,240,256,12.265733055555554
63,3,0.0,1.4396307370970904,0,2.1059553368543389,0.08832701623202105,0,0.0,163.43499126803604,400.0,44.075181099778504,-2.88239178,-2.4388763884608196,-3.2077937736594291,-4.0,14.281136912003134,-3.4907022764552043,-3.0260968042964409,-2.9465088866462708,-1.9467877889567387,-2.8262084702315171,1148,928,245,241,253,12.25211222222222
64,4,13.498980000000001,1.4154717701442883,0,2.2173273905763189,0.088150362199557,0,53.99592,161.4770195380604,400.0,43.98703073757895,-2.4084906669999997,-2.436558143731752,-3.2039428589721242,-4.0,14.04147995983134,-3.3521136677424623,-2.9889285487408879,-2.8674656782784469,-1.8144980483351114,-2.766247107485742,1195,977,208,203,263,12.245955277777774
65,5,28.518845999999996,1.5199669243044833,0,2.2429139866113457,0.08797406147515789,0,114.07538399999999,173.39782672465546,400.0,43.89905667610379,-2.853899748705487,-2.4992021435258134,-3.2523905708730028,-4.0,15.078071889100475,-3.2857068201469497,-3.1397438862758031,-3.0566799750070262,-1.8278552752594157,-2.7880266650229801,1193,906,198,166,262,12.23753166666667
66,6,43.874698800000004,1.7381802041972438,0,2.2388820644228331,0.08779811335220758,0,175.4987952,198.29159769482155,400.0,43.81125856275158,-3.5074902363322678,-2.7028097384975465,-3.3285383666185688,-4.0,17.242747625636657,-2.9536960668602452,-3.3981597929408913,-3.1447579027661376,-1.7875272236094197,-2.7492994019485684,1122,744,187,151,246,12.226376805555557
67,7,60.0,2.0663327815585726,0,2.3143519955980509,0.08762251712550316,0,240.0,235.72724372020195,400.0,43.72363604562608,-3.5053933275545672,-2.88924636970503,-3.4167493414320393,-4.0,20.498021193061042,-3.2178208967006405,-3.5746932228832851,-3.2379982675816432,-2.2223938200551796,-2.9263207765171106,1184,659,177,146,259,12.224617083333335
68,8,60.0,2.365817949761616,0,2.3043277971726686,0.08744727209125217,0,240.0,269.8925117088051,400.0,43.636188773534826,-2.9073810259811372,-2.8929257039553296,-3.4405358262723129,-4.0,23.46891406163523,-3.2495991943612967,-3.4245883588730486,-3.1424013082420599,-2.2846663462368078,-2.970155795581797,1090,529,166,125,238,12.233892083333334
69,9,47.55912000000001,2.539613053670441,0,2.2008792551133034,0.08727237754706965,0,190.23648000000003,289.71905716272386,400.0,43.54891639598775,-2.322967261029882,-2.8075371934720406,-3.4061025445062265,-4.0,25.192961492410774,-3.0508956257524478,-3.062575201588591,-2.8798916413586007,-2.08918068492292,-2.8643537996161372,1070,482,191,141,233,12.202965694444448
70,10,33.480624000000006,2.5855974493017913,0,2.1939889369396388,0.08709783279197551,0,133.92249600000002,294.9649570163483,400.0,43.46181856319578,-1.648185706835419,-2.687438649227565,-3.3561780509339738,-4.0,25.64912669707377,-3.1098151032660226,-2.7551013176562167,-2.7398692806015479,-2.0013800651126346,-2.8215339506698633,1099,486,200,170,239,12.12459902777778
71,11,6.335101200000008,2.4104004657307865,0,2.1389046070631661,0.08692363712639156,0,25.340404800000034,272.3833342769304,400.0,43.37489492606939,-1.2310473803756412,-2.580599164810059,-3.3242597457855529,-4.0,23.911172620049403,-3.1702174914943759,-2.6986997050213457,-2.7790481507339315,-1.9099496127464866,-2.8035006889071123,1120,535,226,192,243,12.081094861111112
72,12,0.0,2.179066674215443,0,2.1148890347485136,0.08674978985213878,0,0.0,246.52801339449775,400.0,43.288145136217246,-1.1739249620410708,-2.5188017808100587,-3.2933297475353931,-4.0,21.616341408217195,-3.1706167666037954,-2.689917430683253,-2.7072052053117579,-1.8203906813460957,-2.7661522988917664,1210,637,257,240,262,12.07523791666667
73,1,0.0,1.972224107155982,0,2.1248094913510487,0.08657629027243449,0,0.0,223.56922594435443,400.0,43.20156884594481,-1.78240605,-2.4761387748100585,-3.2631882229329392,-4.0,19.56446314298734,-3.4473643051549097,-2.7844316809101377,-2.8376558471769897,-1.9751496693077852,-2.8495297624574478,1152,668,239,235,249,12.124790694444442
74,2,0.0,1.7885538075548355,0,2.1320733882651495,0.08640313769188963,0,0.0,202.7391919658556,400.0,43.115165708252924,-2.2227923499999998,-2.4371679828100583,-3.2380997023380362,-4.0,17.742453770943968,-3.28185438847306,-2.8367432657695479,-2.8407171840383327,-1.7912828914374845,-2.7629782444026363,1187,757,242,233,256,12.137985138888887
75,3,0.0,1.6219135357268448,0,2.134826209037024,0.08623033141650585,0,0.0,184.04785285571847,400.0,43.028935376836415,-2.7004317,-2.4077666838100584,-3.2175280098013301,-4.0,16.0893822744103,-3.4753957858598694,-3.0220282742757787,-2.9427163725793681,-1.912951216076153,-2.8224842145339046,1175,824,236,224,253,12.189912916666668
76,4,2.7362399999999996,1.4942727428457478,0,2.1751198094891677,0.08605787075367283,0,10.944959999999998,169.20298742114213,400.0,42.942877506082745,-2.0330826669999995,-2.36492378834737,-3.2018432951168889,-4.0,14.82318560902982,-3.3351164171292469,-2.9688577128161864,-2.8433640421807738,-1.7355925347093404,-2.7501747801198517,1224,932,227,214,263,12.180515694444441
77,5,19.868106,1.5125687473691372,0,2.2572252178827834,0.08588575501216549,0,79.472424,172.55384269987115,400.0,42.85699175107058,-2.8218850417814942,-2.41294252276543,-3.2494247717644802,-4.0,15.00468197390184,-3.2713714686501971,-3.1216645755764993,-3.0441414470654404,-1.7298468110875653,-2.7742673440329657,1222,911,197,176,262,12.186654583333333
78,6,56.06118480000001,1.8289202199989694,0,2.3797159086725483,0.08571398350214117,0,224.2447392,208.6432186974824,400.0,42.77127776756844,-3.5180234571988827,-2.6839314737619495,-3.3986017580572905,-4.0,18.142888582389777,-2.9396485972390529,-3.4508316122565663,-3.2233128991775439,-1.7793553473047785,-2.8124488581559026,1150,707,155,128,246,12.192523611111106
79,7,60.0,2.1491457495798594,0,2.298676520022727,0.08554255553513689,0,240.0,245.17454711207037,400.0,42.68573521203331,-3.490745512223545,-2.864128995748196,-3.4642696642963058,-4.0,21.319525835832206,-3.2021758400248013,-3.5985749427472902,-3.2588120514076557,-2.1944812946362857,-2.9623971535636118,1213,633,182,129,259,12.170208333333328
80,8,60.0,2.4413963768965634,0,2.2486781389614281,0.08537147042406662,0,240.0,278.5144986763599,400.0,42.60036374160924,-3.066723710504839,-2.9039608985082075,-3.4656417428213304,-4.0,24.218652058813905,-3.2312566946114396,-3.4147616227572231,-3.1375109031135384,-2.2883662155162021,-2.9812025876819748,1117,512,181,137,238,12.167386111111103
81,9,60.0,2.7081159894108793,0,2.2797488461098454,0.08520072748321848,0,240.0,308.9418720719931,400.0,42.515163014126024,-2.2959671972505267,-2.796197059091871,-3.4227273912592628,-4.0,26.864510614955922,-3.0382849553969304,-3.0662740899439767,-2.9038767880782412,-2.0896813883530818,-2.8745955889905028,1096,452,171,139,233,12.172201388888887
82,10,39.57140999999999,2.788106256575945,0,2.1758232755810867,0.08503032602825206,0,158.28563999999997,318.0671617501838,400.0,42.43013268809777,-1.8485508002670663,-2.6885980074288245,-3.3737001850258665,-4.0,27.658014065233374,-3.1024859744649413,-2.7707318904610645,-2.7442344191990209,-2.0194730303833008,-2.8371284304834488,1126,450,209,159,239,12.115347222222216
83,11,10.269347999999997,2.6266920780014704,0,2.1526121723851812,0.08486026537619554,0,41.07739199999999,299.6530322584077,400.0,42.34527242272158,-1.3334143171458646,-2.646212063416602,-3.3378463425489215,-4.0,26.056785413774584,-3.1754274188382503,-2.7112477912810684,-2.800910990770511,-2.0060350285853179,-2.8268077023778648,1147,486,223,198,243,12.127174999999998
84,12,0.0,2.3972242580672614,0,2.1123264574087939,0.08469054484544315,0,0.0,271.0477457603132,400.0,42.260581877876135,-1.2409445180853935,-2.573384135416602,-3.305592137169306,-4.0,23.780464640027237,-3.184464847318047,-2.7151940580211198,-2.7336972148127581,-1.913344791977023,-2.7962952800841823,1239,579,258,238,262,12.160084722222216
85,1,0.0,2.1683819660825057,0,2.1364221260219671,0.08452116375575228,0,0.0,246.19092789069225,400.0,42.17606071412038,-2.02641945,-2.538041531416602,-3.2732345992918166,-4.0,21.510349103538456,-3.4528242726429292,-2.7972945250597236,-2.8533109522108635,-2.0543302288370535,-2.8671271635344331,1180,606,237,234,249,12.159683333333327
86,2,0.0,1.969527423125538,0,2.1259018775575278,0.08435212142824076,0,0.0,223.3305861301614,400.0,42.09170859269214,-2.1687164500000002,-2.4974484624166022,-3.2446998992604916,-4.0,19.53771203740534,-3.2857151761622738,-2.8454061815352816,-2.8500780727302999,-1.8758050995818509,-2.7769057128127494,1216,687,248,237,256,12.172413888888883
87,3,0.0,1.7866446890412913,0,2.1228300216994334,0.08418341718538429,0,0.0,202.75425552583053,400.0,42.00752517550676,-2.6143044,-2.465463344416602,-3.2186313747154784,-4.0,17.72351531528961,-3.470223727929822,-3.0155845669320724,-2.9379184901070499,-1.9763542911230836,-2.8203328790908921,1204,748,245,238,253,12.174877777777777
88,4,0.4074600000000004,1.625293724206644,0,2.1476505735602056,0.08401505035101352,0,1.6298400000000015,184.45491811267476,400.0,41.923510125155744,-2.532762667,-2.436898297495775,-3.1971986037727245,-4.0,16.12291374412991,-3.333698743634983,-2.9587741887731056,-2.8348678095746482,-1.8217209507417342,-2.7470527716821902,1254,855,242,235,263,12.187655555555555
89,5,28.244258000000002,1.7015934089013982,0,2.3159245222616831,0.08384702025031149,0,112.97703200000001,194.1177760874715,400.0,41.83966310490543,-3.198919159134196,-2.538086812707026,-3.2656852772558822,-4.0,16.87980661630187,-3.2658773237248528,-3.1300148419394214,-3.0620477268488155,-1.8738258173920386,-2.7885045773218264,1252,809,183,172,262,12.177082083333332
90,6,58.78341040000001,2.023209491899772,0,2.3530998552028861,0.08367932620981088,0,235.1336416,230.807738835926,400.0,41.75598377869562,-3.7123398514323487,-2.811025818045608,-3.3930411255125073,-4.0,20.07023815964574,-2.9274768453529942,-3.4447274157982655,-3.2063426421318209,-1.9361305468293954,-2.8015299238765001,1178,639,162,126,246,12.16646458333333
91,7,60.0,2.326461910687408,0,2.2837648344478749,0.08351196755739125,0,240.0,265.4027747712195,400.0,41.67247181113823,-3.5997492930436463,-2.9737567298477257,-3.4491963106666019,-4.0,23.078502154019088,-3.1926989837122166,-3.5800150747596904,-3.2375677926858026,-2.315549928111893,-2.9419489699032964,1243,585,189,137,259,12.144751666666668
92,8,60.0,2.6032221981697563,0,2.3239162517115965,0.08334494362227646,0,240.0,296.9755883672058,400.0,41.58912686751595,-3.063828048935997,-2.9903646986921704,-3.467313560760553,-4.0,25.823964205843982,-3.2306920137598061,-3.4232230138434572,-3.1531545482076373,-2.391019158626162,-2.9864194063700111,1144,480,164,131,238,12.184134027777777
93,9,42.81786000000001,2.718347586937646,0,2.1742863852405026,0.0831782537350319,0,171.27144000000004,310.1090927178467,400.0,41.505948613780916,-2.668900832490964,-2.949856575642113,-3.4314053717453867,-4.0,26.96600806242145,-3.0335863759399784,-3.0643981387381558,-2.8814762020247242,-2.2459682985462859,-2.8845939637579532,1122,450,205,147,233,12.178532638888885
94,10,19.991622000000007,2.6408057177427735,0,2.1591440638438888,0.08301189722756183,0,79.96648800000003,301.26311628009563,400.0,41.42293671655335,-2.098746645434598,-2.8983114948636644,-3.390501552010015,-4.0,26.196792720008318,-3.1234269696013284,-2.7785579655752457,-2.7770069624492022,-2.2417160013769033,-2.8800167686544587,1153,475,217,193,239,12.23996875
95,11,5.742897600000006,2.456048111040765,0,2.1843236507104877,0.0828458734331067,0,22.971590400000025,277.92268898606636,400.0,41.340090843120244,-1.187765065168004,-2.7996855042761024,-3.3569972001652433,-4.0,24.36399726152439,-3.1960576218528214,-2.748028816232706,-2.8475650758982285,-2.1678837472335344,-2.8709914075919496,1175,524,212,195,243,12.245972916666666
96,12,0.0,2.223381511888531,0,2.1265303592799851,0.08268018168624049,0,0.0,251.2761222762436,400.0,41.257410661434,-1.0218898311028721,-2.7286682862761023,-3.3289987522971289,-4.0,22.055944597934225,-3.1957606077404055,-2.7516234921639571,-2.7690361520771312,-2.0673099395714933,-2.8350899978657473,1270,625,254,223,262,12.233125694444443
97,1,0.0,2.010208978209949,0,2.1110794687902383,0.082514821322868,0,0.0,228.20280913419094,400.0,41.174895840111134,-2.08267515,-2.695013353276102,-3.3040908575561141,-4.0,19.94127306384269,-3.4799766962604339,-2.8399774570636582,-2.9025882776597678,-2.232779709117283,-2.9272135720610493,1209,654,248,241,249,12.294864583333332
98,2,0.0,1.8256224730735275,0,2.1227183183217258,0.08234979168022227,0,0.0,207.397284128228,400.0,41.09254604843091,-2.65209115,-2.668921525276102,-3.2820940593673371,-4.0,18.110174932889393,-3.300967698270374,-2.8777355651123937,-2.8966538166488309,-2.0527038290781841,-2.832822281101488,1245,740,248,247,256,12.259447916666662
99,3,1.6790840000000005,1.672610945025824,0,2.1589063001648503,0.08218509209686183,0,6.716336000000001,189.852625319563,400.0,41.01036095633405,-2.6273337000000003,-2.640053606514086,-3.2702697640098566,-4.0,16.59230057465617,-3.4963304921027394,-3.0736562858231231,-3.0091216849799096,-2.1727354681223554,-2.8999194979343335,1233,799,228,222,253,12.303936805555555
100,4,7.647047199999999,1.5799973801565041,0,2.2018929136601382,0.0820207219126681,0,30.588188799999994,180.246101128254,400.0,40.92834023442138,-2.065617989828879,-2.6178118669804786,-3.2607434920742611,-4.0,15.673574011152521,-3.3518281424420593,-3.0272222607146126,-2.9140647003472742,-2.0201430481470162,-2.8315339947597717,1285,875,218,200,263,12.28560486111111
101,5,29.83989176,1.680687943106032,0,2.294408922911598,0.08185668046884276,0,119.35956704,191.73288054953613,400.0,40.84648355395253,-2.8477699023902843,-2.6504743153028696,-3.3216302040141725,-4.0,16.672424395611838,-3.2836737003212324,-3.1842675914020013,-3.1228528134683575,-2.0048520568463069,-2.8653730610346262,1282,819,187,163,262,12.275614166666667
102,6,60.0,2.013863044396289,0,2.359361674848238,0.08169296710790507,0,240.0,229.74149610472867,400.0,40.764790586844626,-3.529207965754396,-2.8599186235394196,-3.4527334316448997,-4.0,19.977521400411188,-2.94580631312924,-3.4988574477196055,-3.2783613941504974,-2.007422443166873,-2.8859212060314832,1206,642,160,127,246,12.28654625
103,7,60.0,2.3179319688378293,0,2.2212051711058689,0.08152958117368925,0,240.0,264.4296790050195,400.0,40.683261005670936,-3.2834703967178855,-2.94762820857422,-3.4444095194997746,-4.0,22.993885130871263,-3.2162150544992052,-3.4321686676215268,-3.082358570789423,-2.3154106212476266,-2.9642716730424734,1273,587,207,145,259,12.273399444444443
104,8,60.0,2.595437432040156,0,2.2639444789024403,0.08136652201134187,0,240.0,296.087502247141,400.0,40.60189448365959,-3.4643588781471264,-3.043192339049147,-3.571277296728351,-4.0,25.746739325838348,-3.2371694774211424,-3.7033629211874475,-3.6298324589106867,-2.4534424750122241,-3.1009666787510382,1172,482,179,150,238,12.233928611111114
105,9,57.03227999999999,2.824958257977128,0,2.2493609873065701,0.08120378896731918,0,228.12911999999997,322.2712380700308,400.0,40.52069069469227,-2.840309781540463,-3.010424832359722,-3.5459452548883452,-4.0,28.02358591913311,-3.032230350711318,-3.6107274547751977,-3.0780681537732058,-2.321953027168866,-3.0040495768054454,1150,433,180,144,233,12.201892500000003
106,10,48.52891199999999,2.9664012005602465,0,2.2615386453695518,0.08104138138938455,0,194.11564799999996,338.4070489599129,400.0,40.43964931330289,-2.0817294542491305,-2.8888807168284205,-3.5334949168148322,-4.0,29.42669990955764,-3.1008507174121736,-3.1764845277852949,-3.1189278898197115,-2.243365938720765,-3.0058597441098289,1182,423,183,150,239,12.157632777777781
107,11,17.046009599999998,2.8436244684793035,0,2.1625671417051913,0.08087929862660577,0,68.18403839999999,324.40067936411896,400.0,40.35877001467628,-1.5204711611964559,-2.8232576426691005,-3.4874239000094756,-4.0,28.20875472731469,-3.1686536889639072,-2.9644024017841941,-2.8499059948112748,-2.202096687825339,-2.9786031242112765,1204,449,222,174,243,12.137336944444446
108,12,0.0,2.595205434912952,0,2.1592196231925325,0.08071754002935257,0,0.0,292.86125011486956,400.0,40.27805247464693,-0.9233326206681459,-2.7272640656691003,-3.4429411573927267,-4.0,25.744437914336483,-3.1660935801488543,-2.6631119050795071,-2.7823790583872965,-2.0738907344957092,-2.923585898189085,1300,536,242,223,262,12.111991111111113
109,1,0.0,2.3428900009189566,0,2.1543205181700085,0.08055610494929386,0,0.0,265.4992428048346,400.0,40.19749636969763,-1.559804,-2.6739346106691,-3.409538574402097,-4.0,23.24146880911605,-3.4319787857794992,-2.8329845556941402,-2.9731837471773659,-2.1811066344153973,-2.9867170638665508,1238,562,233,217,249,12.082152222222224
110,2,0.0,2.123993942438677,0,2.1190281237776603,0.08039499273939527,0,0.0,241.01103255340422,400.0,40.11710137695824,-3.0570211,-2.6351087186691,-3.3780174898755453,-4.0,21.07001990899167,-3.2461296667193329,-3.1200856863230486,-3.1224839283237049,-1.994512129155912,-2.8776287150826807,1276,637,253,237,256,12.018957777777779
111,3,0.0,1.9280882604272338,0,2.1569734048572289,0.08023420275391648,0,0.0,218.83682124953881,400.0,40.036867174204325,-3.7386125000000003,-2.6015240936691,-3.3761834198135716,-4.0,19.12663554343816,-3.4179686944706411,-3.5493881545093364,-3.3052580278434274,-2.0713294009268024,-2.9294186232590169,1263,693,233,232,253,11.950900833333336
112,4,0.0,1.7506945699963106,0,2.1644600612634797,0.08007373434840866,0,0.0,198.44922854517912,400.0,39.956793439855915,-2.765772,-2.5634238536691,-3.3623221594003661,-4.0,17.366890134363402,-3.2719049852928395,-3.4170448482129245,-3.035963302032707,-1.9038819422423359,-2.8565490308924968,1316,795,237,221,263,11.927058194444449
113,5,3.998566,1.619582356361433,0,2.1767058751464718,0.07991358687971183,0,15.994263999999998,183.90738528821086,400.0,39.8768798529762,-2.3658579,-2.53439097241735,-3.3361444430936689,-4.0,16.066256975105418,-3.2020595774048255,-3.033019234066292,-2.8480595865779668,-1.8043409195726001,-2.8023894556079565,1314,854,229,210,262,11.910570972222224
114,6,14.907150800000004,1.590516288705687,0,2.2097590884805856,0.0797537597059524,0,59.62860320000001,181.44609821554477,400.0,39.79712609327025,-4.278471975778528,-2.66516248961157,-3.4151999925630925,-4.0,15.777921583960415,-2.8729843754564666,-3.3728450117369579,-3.3427655073444695,-1.6676331870404404,-2.782737898142873,1236,813,202,181,246,11.967336527777782
115,7,40.04445664,1.771924438844358,0,2.3151558349801777,0.07959425218654051,0,160.17782656,202.14113998336435,400.0,39.71753184108371,-3.56737339806103,-2.8282780031697095,-3.4756285957825037,-4.0,17.57749043333603,-3.1520507051978619,-3.7217441935094575,-3.2030503419345768,-2.0802483972274244,-2.9358449979395296,1304,768,180,156,259,11.990485138888893
116,8,58.84591531200002,2.087896442362915,0,2.3283924718793667,0.07943506368216742,0,235.38366124800004,238.18722614476133,400.0,39.63809677740154,-2.7679576692784895,-2.8146773084695944,-3.4646387674138839,-4.0,20.711932708240116,-3.1859843210390038,-3.2877562549262773,-3.0417467727751335,-2.1349028688834037,-2.9471759433986611,1200,599,162,125,238,12.011453194444446
117,9,43.80025224960001,2.2558998271548907,0,2.1810698762051257,0.07927619355480309,0,175.20100899840003,257.35305228182995,400.0,39.55882058384674,-2.2779484009518565,-2.7313088494415947,-3.4205577675241514,-4.0,22.378526285376516,-2.9920307638352517,-2.9099665254974649,-2.7989793141167674,-1.9447041929383513,-2.8441780218785295,1177,543,199,142,233,12.036360138888895
118,10,20.872705799680006,2.22580606465208,0,2.1730835539003666,0.07911764116769347,0,83.49082319872002,253.91995585550927,400.0,39.47970294267905,-1.48401145138107,-2.6377356597630297,-3.3810990325629779,-4.0,22.07999616134863,-3.0788652890092472,-2.7575867460910564,-2.801064767558592,-1.9042089548422236,-2.8363956097874343,1210,564,207,180,239,12.076497638888892
119,11,8.623604639744007,2.1003484839620263,0,2.1749695866540044,0.0789594058853581,0,34.49441855897603,239.60775505038796,400.0,39.40074353679369,-1.1425861651639075,-2.5886254165164844,-3.3650019299975926,-4.0,20.835456960903304,-3.1486420503651358,-2.9187588148210653,-2.9570209497022937,-1.8858049790342335,-2.8404516526652213,1233,608,210,185,243,12.063012916666668
120,12,0.0,1.9168620404031038,0,2.1086586459572407,0.07880148707358739,0,0.0,215.96104456918607,400.0,39.3219420497201,-1.0841506969936314,-2.5071881065164843,-3.3359686765565235,-4.0,19.015271440798788,-3.1486319965314813,-2.9910975740337076,-2.8677457193979627,-1.7744348705328594,-2.8032529604663514,1332,727,256,222,262,12.048853194444444
121,1,0.0,1.7276883565534886,0,2.1366649257841024,0.0786438840994402,0,0.0,195.24514091562196,400.0,39.24329816562066,-1.9532632,-2.4517017025164844,-3.3157922238699848,-4.0,17.138668497010606,-3.4257847415797293,-3.083370270388075,-3.0162366634434168,-1.9238217196813068,-2.888798285673011,1269,765,229,225,249,12.063054583333336
122,2,0.0,1.5619611273249756,0,2.1058942960789846,0.07848659633124132,0,0.0,177.22208860523324,400.0,39.16481156928942,-2.2588232,-2.4227085985164845,-3.2861494219429561,-4.0,15.49465438306376,-3.2471487712535385,-2.9166574882892871,-2.7781453626618546,-1.7327750745613768,-2.7900178187213465,1307,866,249,230,256,12.039165694444446
123,3,0.0,1.417776708841866,0,2.1318209416705765,0.07832962313857884,0,0.0,160.33061704468005,400.0,39.08648194615084,-1.2383601,-2.3804281015164843,-3.2458353353935756,-4.0,14.064344951711309,-3.4338958965346444,-2.6688285086532426,-2.6726445878343386,-1.8392360421958243,-2.8167605438587096,1294,946,232,227,253,12.03275875
124,4,13.435380000000002,1.3901279763574406,0,2.2240408487438983,0.07817296389230169,0,53.74152,158.58579954285682,400.0,39.00830898225854,-1.480507,-2.3108472734228056,-3.1928878448285429,-4.0,13.79006952546581,-3.2865753827445721,-2.4996137651956962,-2.6300430361818616,-1.635425752784303,-2.7043830513008293,1348,995,205,192,263,12.008175416666667
125,5,19.250674,1.4226917883428547,0,2.180061903636529,0.07801661796451709,0,77.00269599999999,162.30067921415284,400.0,38.930292364294026,-1.5667298641093774,-2.230297083807371,-3.146468676531291,-4.0,14.113102540361117,-3.2297366532489935,-2.4869291256102155,-2.5519212544706793,-1.5087472346663189,-2.6431478591593116,1345,968,219,177,262,12.054231805555556
126,6,24.6912392,1.4959353473132229,0,2.1888131004558256,0.07786058472858805,0,98.7649568,170.65630442149245,400.0,38.852431779565435,-2.2259154474593044,-2.2297185131820996,-3.1663435186652618,-4.0,14.839678645347169,-2.8937251050777935,-2.726563311312491,-2.816652912579376,-1.2376411906747098,-2.5606750972776426,1266,864,202,174,246,12.098273055555556
127,7,52.97779936,1.7890728302519396,0,2.3305090826084625,0.07770486355913088,0,211.91119743999997,204.09742847514127,400.0,38.7747269160063,-2.5672927683698545,-2.309688163866113,-3.2068750968398732,-4.0,17.747602476099242,-3.1791516516016527,-3.1095479932382597,-2.8912119470347886,-1.5932807016644235,-2.6973764066886563,1335,761,172,150,259,12.134662361111111
128,8,60.0,2.1127794278011303,0,2.2834900717528894,0.0775494538320126,0,240.0,241.02587712355293,400.0,38.69717746217429,-2.0473990196774263,-2.250098985954816,-3.1639121722894772,-4.0,20.958771923787214,-3.2051030045189277,-2.8595176057935046,-2.679790227900325,-1.5950574362874059,-2.6693806471347337,1230,592,169,125,238,12.120415138888887
129,9,60.0,2.4082070169884235,0,2.2908125996777451,0.07739435492434858,0,240.0,274.7282564980394,400.0,38.61978310724994,-1.6419101545698966,-2.128875753481291,-3.1904579123576036,-4.0,23.889413608525164,-3.0070155479905436,-2.8430599819291302,-2.8464855912656573,-1.381550022273581,-2.6348396692085219,1206,508,165,128,233,12.136804027777778
130,10,35.276669999999996,2.480039411984315,0,2.1822106478437382,0.07723956621449987,0,141.10667999999998,282.9228961191707,400.0,38.542543541035435,-1.0120870404716227,-2.00179200893049,-3.1437321210213627,-4.0,24.601990966884404,-3.0837797405408596,-2.7976222726432409,-2.5927002523611353,-1.3050655874415895,-2.6088271026845078,1240,506,202,150,239,12.123897083333336
131,11,5.401415999999995,2.306594496953365,0,2.117465889846244,0.07708508708207087,0,21.60566399999998,260.3469886428937,400.0,38.46545845395337,-0.8046559647850986,-1.8972533635955535,-3.1000004854072434,-4.0,22.88141740977738,-3.1624881147486184,-2.5512607462807591,-2.5617441112671946,-1.2299501029321425,-2.593257812645744,1263,560,233,199,243,12.148134583333334
132,12,0.0,2.0827759091431495,0,2.1442950083083292,0.07693091690790674,0,0.0,235.0421812150505,400.0,38.38852753704546,-0.8935475597740923,-1.8204265285955534,-3.0653182180495921,-4.0,20.661137018700042,-3.1790463590485318,-2.6664304711516706,-2.690061565507107,-1.139009935482771,-2.5662641127077723,1364,668,240,231,262,12.209305416666666
133,1,0.0,1.8803374497204042,0,2.0989504192658539,0.07677705507409092,0,0.0,213.2530428641037,400.0,38.31175048197137,-1.1646816,-1.7827509265955535,-3.0199561590001172,-4.0,18.652947501226407,-3.4449088877799294,-2.5920613107295321,-2.464210630902075,-1.2843197461170908,-2.6138480187246627,1299,700,248,227,249,12.160156805555555
134,2,0.0,1.7060243429128295,0,2.1090969213003268,0.07662350096394274,0,0.0,193.7528307394956,400.0,38.23512698100743,-0.46329370000000014,-1.7566381375955535,-2.9660790919432882,-4.0,16.92376148169527,-3.2771592735038046,-1.9614776604388595,-2.0974414850126744,-1.1143530645784105,-2.5028250907309646,1339,792,250,249,256,12.194369305555558
135,3,0.0,1.550022645915965,0,2.1301604958699638,0.07647025396201487,0,0.0,175.49672994609327,400.0,38.15865672704542,-1.5647465000000003,-1.7167425325955536,-2.9225483683378672,-4.0,15.376224647486373,-3.4605489927989064,-2.1231769744249895,-2.51921181089243,-1.2116574387956991,-2.5217548785851918,1326,864,236,231,253,12.163904027777779
136,4,17.632920000000002,1.5450371995687462,0,2.2760910362406874,0.07631731345409083,0,70.53168000000001,176.25784372680258,400.0,38.08233941359133,-3.873721,-1.9136767100669116,-3.105995451826185,-4.0,15.326769019721963,-3.3213655561282751,-3.2742132920078326,-3.3224130989294443,-1.2903121243720284,-2.6546610468539678,1381,895,192,182,263,12.182283194444441
137,5,44.63271800000001,1.7671244938144208,0,2.3455033447384741,0.07616467882718266,0,178.53087200000002,201.59356225434914,400.0,38.006174734764144,-3.567544792266783,-2.2478540834456986,-3.2709569850231697,-4.0,17.529874978639054,-3.2527960456303351,-3.8898533446026784,-3.2748878832893347,-1.5899897992095458,-2.7936181987631148,1378,779,173,139,262,12.176325138888888
138,6,58.4002744,2.0799506932347933,0,2.2863609056189005,0.07601234946952828,0,233.6010976,237.28077508422518,400.0,37.930162385294615,-4.2983121290879005,-2.7084315880978234,-3.4934564752455786,-4.0,20.633110876889145,-2.8998103804238617,-4.1267517701832901,-3.6989130888327448,-1.8409622548168914,-2.9002193630977002,1297,622,176,129,246,12.157776527777774
139,7,60.0,2.3782462006738014,0,2.3875346484727471,0.07586032477058924,0,240.0,271.31032657286727,400.0,37.85430206052403,-3.4427015731122173,-2.856628857458352,-3.5009874172550632,-4.0,23.59220231068411,-3.1838761485311062,-3.9209009471373735,-3.1707619656651254,-2.209170296439078,-2.9999577968892188,1368,572,163,131,259,12.174119166666667
140,8,42.484542000000005,2.510358948582938,0,2.1634330874719452,0.07570860412104806,0,169.938168,286.38174885434154,400.0,37.77859345640298,-2.993089678724753,-2.875104224881707,-3.4466570749558882,-4.0,24.902760769942745,-3.2264515104407643,-3.1305704269848356,-2.9601617968723071,-2.2797183132537979,-2.9771787196702926,1259,498,210,138,238,12.238141388888888
141,9,35.7515136,2.5770660996347323,0,2.2204383858571308,0.07555718691280597,0,143.00605439999998,293.99170064633023,400.0,37.70303626949018,-1.9763550575510815,-2.7753577943703163,-3.3659758402198334,-4.0,25.564495708376544,-3.0239468923249913,-2.711484203117065,-2.7086542492243959,-2.069631627604207,-2.8329159923212721,1235,475,188,170,233,12.244901111111112
142,10,23.44157088,2.539466172210642,0,2.2185730839725819,0.07540607253898035,0,93.76628351999999,289.70230092579004,400.0,37.627630196951195,-0.9483484319154953,-2.6404381961112033,-3.3000802432972796,-4.0,25.19150442832957,-3.1093561824517835,-2.5780226898153291,-2.6993842478579833,-1.9796848565717395,-2.7953959213099511,1270,494,195,163,239,12.267926111111112
143,11,13.635796704,2.42670478103832,0,2.2307903171696819,0.07525526039390239,0,54.543186816,276.83848142085156,400.0,37.55237493655729,-0.7850275682647181,-2.5570329057060626,-3.3232082581960984,-4.0,24.072911427900134,-3.1965570318051029,-3.0212387787112993,-3.1353141931635964,-1.9411845533435779,-2.8544131465734202,1294,526,195,165,243,12.327828888888892
144,12,0.0,2.2147078513668124,0,2.1353070647257897,0.07510474987311459,0,0.0,249.29862698392597,400.0,37.47727018668418,-0.16045402807135561,-2.4563755647060628,-3.2701359156665935,-4.0,21.96990188555878,-3.2070483339461386,-2.7442642041168863,-2.4520197402667643,-1.8190511163924672,-2.8025140662011339,1398,630,249,202,262,12.358234444444449
145,1,0.0,1.9943890158714077,0,2.1090471487148315,0.07495454037336836,0,0.0,226.1193654306102,400.0,37.40231564631081,-1.3876215000000003,-2.414359559706063,-3.2368864703460178,-4.0,19.784339037444365,-3.4821522723447185,-2.4120389014742338,-2.7585845977391443,-1.9610001081926676,-2.8699650226136075,1331,660,246,234,249,12.341074722222224
146,2,0.0,1.8089549234448816,0,2.1304427504016177,0.07480463129262162,0,0.0,205.42916246659212,400.0,37.32751101501819,-2.8023348,-2.386267103706063,-3.211427470447906,-4.0,17.944832840573227,-3.3174235141998354,-2.8245900362974252,-2.9289710414271974,-1.7970564282079327,-2.7912262306523106,1371,747,244,241,256,12.396444166666669
147,3,0.0,1.643433299732737,0,2.1372777541670094,0.07465502203003638,0,0.0,185.99202503351063,400.0,37.25285599298815,-2.8306442,-2.341541729706063,-3.1997147224353366,-4.0,16.30285833334875,-3.5169732575557333,-3.2795418338549265,-3.1420407651133742,-1.8997176699099283,-2.8570090933006664,1358,816,236,226,253,12.431928888888894
148,4,0.0,1.4879362002680852,0,2.0984517102628901,0.0745057119859763,0,0.0,168.82804772658315,400.0,37.178350281002174,-0.468136,-2.314070309706063,-3.1706472306689757,-4.0,14.760327106659403,-3.3780980022826146,-2.6279826424191466,-2.3332661765143037,-1.7432969603446979,-2.778020343555454,1414,934,258,242,263,12.457345138888897
149,5,13.983294,1.4624907338126651,0,2.2224773586806497,0.07435670056200434,0,55.933176,166.84094291334884,400.0,37.10399358044017,-2.6295823,-2.338203915855094,-3.171342760156834,-4.0,14.50790807942164,-3.3104651950611741,-2.4517305009803536,-2.8971352357693991,-1.7068814951405331,-2.7538129642694642,1412,942,208,205,262,12.45873388888889
150,6,56.1022152,1.7835452649067907,0,2.4197030158049042,0.07420798716088034,0,224.4088608,203.46684382056668,400.0,37.029785593279286,-3.133300320216993,-2.538284824189489,-3.3164135254492768,-4.0,17.692769027875364,-2.9503315267545016,-3.251707409285931,-3.1511787392327628,-1.6720469443101127,-2.7785437863678819,1328,725,148,128,246,12.42799916666667
151,7,60.0,2.1077347505645334,0,2.3723301869180817,0.07405957118655858,0,240.0,240.45038034440196,400.0,36.955726022092726,-3.436688248250359,-2.74288060809148,-3.5306647125500383,-4.0,20.908728725600174,-3.2261184116513242,-3.8459036607327857,-3.5916592976256156,-2.1140316528708292,-3.0746241441284017,1401,646,165,116,259,12.387675138888891
152,8,60.0,2.403603042755216,0,2.2830230802976921,0.07391145204418545,0,240.0,274.203035117515,400.0,36.88181457004854,-2.369008827354137,-2.6682183400040613,-3.4397090879343208,-4.0,23.84374218413174,-3.2546265480521974,-3.4208880517520024,-2.9068321179298584,-2.095317784997941,-3.0018917720849858,1290,520,172,122,238,12.38794319444445
153,9,60.0,2.6736242809401203,0,2.3248543674751336,0.07376362914009708,0,240.0,305.0070579696489,400.0,36.808050940908444,-1.555296631009563,-2.4684137436269222,-3.398797986771001,-4.0,26.52235286692599,-3.0395890905091649,-2.855009465443259,-2.9488826832334558,-1.7934341404930443,-2.8869327875475914,1266,458,160,127,233,12.346925138888892
154,10,26.034143999999998,2.6483296157571914,0,2.1328618003936244,0.07361610188181689,0,104.13657599999999,302.1214425655804,400.0,36.734434839026626,-1.3629365851454553,-2.3814754671786145,-3.3583460382223427,-4.0,26.271429788311337,-3.1144919690087036,-2.9462057327360736,-2.8865652986843626,-1.7403434724089228,-2.8634233700201017,1301,474,225,158,239,12.314480694444445
155,11,4.222675199999998,2.4507529421246437,0,2.1653131925712286,0.07346886967805326,0,16.89070079999999,276.5666436164148,400.0,36.660965969348574,-0.4931805070623553,-2.2662363522060436,-3.2923822969003242,-4.0,24.31146918587646,-3.1929893349391669,-2.6654332672383374,-2.6288270800821634,-1.6501133882496077,-2.8238994646831994,1325,527,217,206,243,12.329382083333332
156,12,0.0,2.2125331489313185,0,2.108218034016212,0.07332193193869715,0,0.0,250.47038653008482,400.0,36.58764403740987,-0.5130740815275229,-2.2081744992060437,-3.2505460967769459,-4.0,21.94832883739868,-3.2021295093449531,-2.4150420579963638,-2.6005482981024119,-1.5704541536882832,-2.7816212918098104,1432,627,258,232,262,12.352080694444446
157,1,0.0,2.003763092240679,0,2.1075183141842264,0.07317528807481975,0,0.0,227.5022909628166,400.0,36.51446874933505,-1.57330865,-2.175564421206044,-3.2091048846410981,-4.0,19.87732987502753,-3.4888850939175375,-2.5420968150771106,-2.714325075649282,-1.7312093177442867,-2.8507277164181444,1363,656,246,243,249,12.380691805555553
158,2,0.0,1.8200183277025328,0,2.1053865685616038,0.07302893749867011,0,0.0,206.85514870430492,400.0,36.44143981183638,-2.03103663,-2.152388157606044,-3.1688639967740646,-4.0,18.054581810809125,-3.3116262440597843,-2.5302332232928215,-2.6564501859062117,-1.5614569011939139,-2.7458692886218605,1404,742,252,250,256,12.383372361111117
159,3,0.0,1.6548411896344395,0,2.1211173269771688,0.07288287962367276,0,0.0,187.95512839349684,400.0,36.36855693221271,-2.11769173,-2.127513522006044,-3.1287012901562079,-4.0,16.41602460117364,-3.5035078168436096,-2.6508530833906363,-2.7313674752241779,-1.6749051509454826,-2.7742238934330699,1391,807,243,240,253,12.37757930555556
160,4,2.441760000000001,1.5231751071479747,0,2.1894480758053647,0.07273711386442543,0,9.767040000000003,172.18018957466012,400.0,36.295819818348285,-1.197744,-2.0686900999137916,-3.0890347960533631,-4.0,15.109897062907908,-3.3548841016382003,-2.6437123490522518,-2.6761248054394393,-1.4802075592600383,-2.6759735049826094,1449,916,222,215,263,12.361644166666668
161,5,23.179976000000007,1.562881324597281,0,2.2950375774441496,0.07259163963669657,0,92.71990400000001,178.29350151005784,400.0,36.22322817871159,-3.3715111315410264,-2.2232730987384595,-3.2368834397740613,-4.0,15.503782740005029,-3.2784707788302558,-3.2637935525711148,-3.3064631767047992,-1.5747041461402489,-2.7907358406350502,1446,881,186,165,262,12.323490694444448
162,6,31.5264808,1.6785598584804629,0,2.2346038599636602,0.07244645635742318,0,126.1059232,191.4901086554512,400.0,36.15078172235416,-2.615474762571926,-2.2822033211531294,-3.2159612699750459,-4.0,16.65131379612619,-2.9155322422762531,-3.3022849536797905,-2.7737040255797485,-1.367452067834396,-2.649610533326241,1360,770,191,145,246,12.289449583333337
163,7,57.23364464,1.9897900263636095,0,2.346811002093999,0.07230156344470832,0,228.93457856,226.99524620756057,400.0,36.07848015890945,-3.1044958796105364,-2.4714204725402076,-3.3504959653580468,-4.0,19.73871706152701,-3.1996106915189726,-3.3346309121079498,-3.2788167531061507,-1.8079057326448877,-2.8716927148790816,1435,684,171,143,259,12.279950000000003
164,8,55.383709712,2.2590316473564847,0,2.2382991577281546,0.0721569603178189,0,221.534838848,257.7103303304277,400.0,36.00632319859163,-3.056435000741911,-2.5861608741459685,-3.421212368148435,-4.0,22.409593941776325,-3.2311889234631908,-3.7703286298989003,-3.401058699844195,-1.9811401617436664,-2.9637301938798544,1321,554,184,131,238,12.29492736111111
165,9,31.876587769599997,2.316695344800222,0,2.1518346319493982,0.07201264639718326,0,127.50635107839999,264.2886049348093,400.0,35.93431055219445,-2.4876869143323335,-2.575321248365859,-3.3662929912449568,-4.0,22.9816178204182,-3.0304374676255463,-3.2334057265773763,-2.7755435369020143,-1.8559071348019929,-2.8505642607590254,1296,528,209,165,233,12.328385694444442
166,10,6.88676221568,2.1694029372039143,0,2.1430662179066213,0.0718686211043889,0,27.547048862719997,245.01085990056384,400.0,35.86244193109006,-1.4921595638147371,-2.4754598554714633,-3.2962569889955189,-4.0,21.52047713706283,-3.105592403310542,-2.4262865960094082,-2.488322996961001,-1.7768860083300364,-2.7969408962376097,1332,585,218,197,239,12.293610694444443
167,11,0.0,1.9600868792045107,0,2.1335148187912192,0.07172488386218012,0,0.0,220.95433917965056,400.0,35.79071704722788,-0.7768214946839751,-2.3958886954714633,-3.25007092789216,-4.0,19.44406184170875,-3.184829225128305,-2.3645660362987542,-2.665346663034196,-1.7258048281959537,-2.7773034501635818,1357,659,226,208,243,12.309113472222226
168,12,0.0,1.7676347134372046,0,2.1397487040121272,0.07158143409445576,0,0.0,199.6514683089163,400.0,35.719135613133425,-1.4738401999999997,-2.3358797014714634,-3.2203611539755976,-4.0,17.534936357297067,-3.1970124065787697,-2.7205522744058186,-2.8266428488719075,-1.6473894522570642,-2.7498637820613236,1467,787,240,225,262,12.34466902777778
169,1,0.0,1.5972117464713305,0,2.1466768962201574,0.07143827122626685,0,0.0,180.73866533744936,400.0,35.64769734190716,-2.7999593,-2.2917421804714633,-3.2142044973048938,-4.0,15.844340524995598,-3.4921332303410324,-3.2021799223189706,-3.1324447886452722,-1.829567831550194,-2.8609356747282266,1397,826,224,208,249,12.404346805555555
170,2,0.0,1.445909322699595,0,2.0897818207664671,0.07129539468381432,0,0.0,163.65399673356978,400.0,35.576401947223346,-2.9560162000000005,-2.2528820164714634,-3.1818823871572972,-4.0,14.343420481179981,-3.3222418238283424,-3.3251361467858676,-3.0408166718575158,-1.6356634483246646,-2.7723677306730199,1439,938,254,230,256,12.446846805555559
171,3,0.0,1.3092319738685583,0,2.0859313255037528,0.0711528038944467,0,0.0,148.62959156892515,400.0,35.505249143328896,-3.48405299,-2.2310542561714635,-3.1517864309512773,-4.0,12.987581180776099,-3.5132392290440073,-3.3497458404796454,-3.0744972692826611,-1.7690076147196532,-2.8086573316676855,1425,1021,250,249,253,12.430045416666669
172,4,11.533080000000002,1.2813013725514013,0,2.2212207942208551,0.0710104982866578,0,46.13232000000001,146.17086058066386,400.0,35.434238645042235,-2.5797550000000005,-2.2561636873219255,-3.1907270706724926,-4.0,12.710509615709901,-3.3700763359684194,-3.3268485124022806,-3.0710637054703893,-1.6625420563430859,-2.7951218599697736,1484,1079,205,204,263,12.44333152777778
173,5,20.25707,1.3314234446453108,0,2.2211508461826872,0.07086847729008447,0,81.02828,151.88878656513705,400.0,35.36337016775215,-3.2128543601036874,-2.3726089850509284,-3.2952673208550634,-4.0,13.207720570881484,-3.3022436587660797,-3.6358665787014077,-3.3913284108243458,-1.7235803988668863,-2.875278248487767,1481,1034,203,167,262,12.446871111111115
174,6,35.466856,1.4988451405210965,0,2.2467575675190181,0.0707267403355043,0,141.86742399999997,170.98825363064668,400.0,35.29264342741665,-3.112790262343846,-2.5127270109412727,-3.3390097174016766,-4.0,14.868543793969277,-2.9531823955741832,-3.6130745632503292,-3.1052920106546811,-1.601557389173669,-2.8151566700941322,1394,863,183,151,246,12.496333055555557
175,7,59.485146799999995,1.8437872034451734,0,2.3261424048295338,0.0705852868548333,0,237.94058719999998,210.3392441690254,400.0,35.22205814056181,-3.5896971200881547,-2.79069281923893,-3.5161524265936084,-4.0,18.290369058176122,-3.2442555419192054,-3.7774210153497245,-3.571958381017426,-2.1578026291058094,-3.0843968775650099,1470,738,172,140,259,12.503184444444447
176,8,60.0,2.162713953352203,0,2.2735329700655913,0.07044411628112363,0,240.0,246.72240779841934,400.0,35.15161402428069,-3.123038572176174,-2.86445475209307,-3.5405471989076642,-4.0,21.454122417253856,-3.2746268152150648,-3.7886895944514443,-3.3317669251488047,-2.2967813743489662,-3.1295988177161282,1354,578,171,126,238,12.515013611111115
177,9,52.94952000000001,2.3973754223873547,0,2.236447220842666,0.07030322804856139,0,211.79808000000003,273.49258818594944,400.0,35.08131079623213,-2.3144280019611685,-2.767269631616137,-3.5109282518791352,-4.0,23.781964190082558,-3.0766787593423661,-3.3235066540466818,-3.1165158024620832,-2.1070375546703435,-3.0460506127458764,1328,511,178,137,233,12.573392777777784
178,10,28.302976000000015,2.4143645134875955,0,2.1531790256274665,0.07016262159246427,0,113.21190400000005,275.4307036986649,400.0,35.011148174639665,-1.6202536372935863,-2.6597002369283977,-3.4403822798410051,-4.0,23.950495973796947,-3.1650922495672917,-2.8069660561380605,-2.7318180232491773,-2.0530579028098517,-3.0040975824219274,1365,520,212,167,239,12.595224722222227
179,11,11.45604080000001,2.2950939559893193,0,2.1628135751468789,0.07002229634927933,0,45.82416320000003,261.8243184992615,400.0,34.941125878290386,-1.04907371930943,-2.5953842535195144,-3.3981902493707477,-4.0,22.767332043414044,-3.2516742700740009,-2.6833379252493295,-2.9504247742330181,-2.0317593594058048,-2.9949313779761289,1390,556,214,192,243,12.639623333333333
180,12,0.0,2.094594547994092,0,2.1306874651364813,0.06988225175658078,0,0.0,236.78249303516597,400.0,34.871243626533804,-1.207540102986248,-2.5303186635195143,-3.369297089291956,-4.0,20.77837791610139,-3.2610778345179003,-3.0070013801456463,-3.0462543440178402,-1.9441894958202033,-2.9647936662408059,1502,663,245,218,262,12.658667777777783
181,1,0.0,1.8942599442813277,0,2.1094044348692438,0.06974248725306761,0,0.0,214.69070754361388,400.0,34.80150113928074,-2.2470862,-2.4881246565195143,-3.3381318996071823,-4.0,18.791058647270773,-3.5540245713487906,-3.2120489484308568,-3.128815378755756,-2.1061583837955755,-3.0482228988903959,1430,695,243,228,249,12.698049722222223
182,2,0.0,1.717525660348911,0,2.1076512494015303,0.06960300227856148,0,0.0,194.98311233260378,400.0,34.731898137002176,-2.7013381,-2.4595582065195143,-3.3080924983631568,-4.0,17.037854550661198,-3.3760925731834979,-3.1327484482371881,-3.0438728768324985,-1.9274316936074287,-2.9545253895214563,1474,787,250,245,256,12.710549722222222
183,3,0.0,1.5598648986608303,0,2.0948641344674725,0.06946379627400436,0,0.0,177.2357326092275,400.0,34.66243434072817,-2.93989807,-2.4381485556195144,-3.2777629096740157,-4.0,15.473859794715436,-3.5716308010126374,-3.1841335010857064,-3.0888324793709732,-2.0510931894048845,-2.9943303497129703,1459,856,251,246,253,12.7064275
